{
 "0": {
  "params": {
   "hidden_nb": 1,
   "hidden_size": 20
  },
  "true_error": 0.9014,
  "training_error": [
   27.304510823059083,
   27.304480308787028,
   27.30447996190389,
   27.304479868825275,
   27.30447970352173,
   27.304479568735758,
   27.3044795501709,
   27.304479508972168,
   27.304479517110188,
   27.304479397328695,
   27.304479516601564,
   27.30447951634725,
   27.304479445648195,
   27.30447954228719,
   27.304479486083984,
   27.304479490152996,
   27.304479511769614,
   27.30447945175171,
   27.30447941309611,
   27.30447958094279,
   27.30447944056193,
   27.304479480743407,
   27.304479494984946,
   27.304479496765136,
   27.3044794863383
  ]
 },
 "1": {
  "params": {
   "hidden_nb": 1,
   "hidden_size": 30
  },
  "true_error": 0.8855,
  "training_error": [
   27.304485534413654,
   27.304480000050862,
   27.304479955037436,
   27.30447979634603,
   27.30447961807251,
   27.304479536437988,
   27.304479539235434,
   27.304479498036702,
   27.304479439798993,
   27.304479425557453,
   27.304479472096762,
   27.304479430643717,
   27.30447941640218,
   27.304479444885253,
   27.304479412587483,
   27.30447947845459,
   27.304479375712077,
   27.30447945912679,
   27.304479437001547,
   27.304479401397707,
   27.30447946802775,
   27.3044794342041,
   27.30447940088908,
   27.304479441070555,
   27.304479386138915
  ]
 },
 "2": {
  "params": {
   "hidden_nb": 1,
   "hidden_size": 40
  },
  "true_error": 0.8917,
  "training_error": [
   27.304492521413167,
   27.304480196634927,
   27.30447998784383,
   27.30447992324829,
   27.304479945373537,
   27.30447995300293,
   27.304479955291747,
   27.30447987060547,
   27.304479921976725,
   27.30447988357544,
   27.30447987213135,
   27.304479845174153,
   27.30447986043294,
   27.304479846191406,
   27.30447989425659,
   27.30447986984253,
   27.30447980117798,
   27.30447982813517,
   27.30447982635498,
   27.304479796091716,
   27.304479845428467,
   27.304479836527506,
   27.30447984161377,
   27.304479827372234,
   27.30447984110514
  ]
 },
 "3": {
  "params": {
   "hidden_nb": 1,
   "hidden_size": 50
  },
  "true_error": 0.8929,
  "training_error": [
   27.304486878967285,
   27.304480044809978,
   27.30447996266683,
   27.30447997233073,
   27.304479939015707,
   27.304479939015707,
   27.304479905954995,
   27.304479906463623,
   27.304479801940918,
   27.304479898325603,
   27.304479845428467,
   27.30447982813517,
   27.304479848734537,
   27.304479927317303,
   27.304479785664878,
   27.304479847208658,
   27.30447984898885,
   27.304479799397786,
   27.304479766845702,
   27.30447983296712,
   27.304479774983722,
   27.304479797363282,
   27.304479774983722,
   27.304479732259114,
   27.304479790242514
  ]
 },
 "4": {
  "params": {
   "hidden_nb": 1,
   "hidden_size": 60
  },
  "true_error": 0.8945,
  "training_error": [
   27.30449324086507,
   27.3044801167806,
   27.304479985555012,
   27.304479969533286,
   27.304480003356932,
   27.304479964955647,
   27.304480012512208,
   27.304479912821453,
   27.30447991205851,
   27.304479892985025,
   27.3044798924764,
   27.304479882558187,
   27.30447990392049,
   27.30447990875244,
   27.30447990239461,
   27.30447991689046,
   27.30447986831665,
   27.30447989425659,
   27.304479858398437,
   27.304479864501953,
   27.30447988510132,
   27.3044798286438,
   27.30447993291219,
   27.304479874165853,
   27.304479859924317
  ]
 },
 "5": {
  "params": {
   "hidden_nb": 1,
   "hidden_size": 70
  },
  "true_error": 0.8866,
  "training_error": [
   27.304485692596437,
   27.304480043029784,
   27.304479978434244,
   27.304479986317954,
   27.304479964955647,
   27.30447996571859,
   27.304479942067463,
   27.30447994486491,
   27.304479954274495,
   27.304479972839356,
   27.304479966227213,
   27.304479932149253,
   27.304479950968425,
   27.304479939778645,
   27.304479960632325,
   27.30447995554606,
   27.304479946899413,
   27.30447994893392,
   27.304479960123697,
   27.304479927571613,
   27.30447994333903,
   27.304479927317303,
   27.304479941304525,
   27.304479931131997,
   27.30447991104126
  ]
 },
 "6": {
  "params": {
   "hidden_nb": 1,
   "hidden_size": 80
  },
  "true_error": 0.9278,
  "training_error": [
   27.304485519917804,
   27.304480068969728,
   27.3044800142924,
   27.304479958343506,
   27.304479971059163,
   27.304479945373537,
   27.3044799214681,
   27.304479983266194,
   27.304479959106445,
   27.304479946645102,
   27.30447990620931,
   27.304479918162027,
   27.304479930114745,
   27.30447992808024,
   27.30447994333903,
   27.304479933929443,
   27.30447994588216,
   27.30447991205851,
   27.304479945373537,
   27.304479900868735,
   27.304479936981203,
   27.304479897816975,
   27.304479935455323,
   27.30447994918823,
   27.30447992172241
  ]
 },
 "7": {
  "params": {
   "hidden_nb": 3,
   "hidden_size": 20
  },
  "true_error": 0.8865,
  "training_error": [
   27.30448538792928,
   27.304479956817627,
   27.304479951477052,
   27.30447995223999,
   27.304479895019533,
   27.304479850006103,
   27.304479790242514,
   27.304479783376056,
   27.304479729715982,
   27.304479712168376,
   27.304479678344727,
   27.30447970453898,
   27.304479707336426,
   27.30447962722778,
   27.304479633331297,
   27.304479629007975,
   27.304479617818195,
   27.304479603068035,
   27.304479612731935,
   27.30447964223226,
   27.304479535420736,
   27.304479654693605,
   27.304479598999023,
   27.304479605865478,
   27.30447952295939
  ]
 },
 "8": {
  "params": {
   "hidden_nb": 3,
   "hidden_size": 30
  },
  "true_error": 0.9149,
  "training_error": [
   27.30448191401164,
   27.304480013275146,
   27.304479969533286,
   27.304479905192057,
   27.304479955800375,
   27.30447989959717,
   27.304479978434244,
   27.304479929351807,
   27.304479896799723,
   27.30447986043294,
   27.30447986272176,
   27.30447989145915,
   27.30447985458374,
   27.30447986195882,
   27.304479831695556,
   27.304479837544758,
   27.304479803212484,
   27.304479790751138,
   27.304479777781168,
   27.304479789479572,
   27.304479739379882,
   27.304479770406086,
   27.304479717000326,
   27.304479695638022,
   27.304479727427164
  ]
 },
 "9": {
  "params": {
   "hidden_nb": 3,
   "hidden_size": 40
  },
  "true_error": 0.8972,
  "training_error": [
   27.304482366943358,
   27.30447995605469,
   27.304480038706462,
   27.304479936472575,
   27.30447991409302,
   27.304479913838705,
   27.304479929351807,
   27.30447995783488,
   27.304479920450845,
   27.304479991149904,
   27.30447991434733,
   27.304479903666177,
   27.304479901631673,
   27.304479884338377,
   27.304479885864257,
   27.304479834238688,
   27.304479890696207,
   27.30447982076009,
   27.30447985865275,
   27.304479810333252,
   27.30447989425659,
   27.304479853566487,
   27.3044798383077,
   27.30447980600993,
   27.304479850260417
  ]
 },
 "10": {
  "params": {
   "hidden_nb": 3,
   "hidden_size": 50
  },
  "true_error": 0.8628,
  "training_error": [
   27.3044814259847,
   27.30448003768921,
   27.30447999903361,
   27.304479987589517,
   27.304479949442545,
   27.30447994308472,
   27.304479942067463,
   27.304479940795897,
   27.304479889170327,
   27.30447992070516,
   27.304479914601643,
   27.30447995376587,
   27.30447990620931,
   27.304479910786945,
   27.30447990722656,
   27.304479895528157,
   27.30447988204956,
   27.30447987543742,
   27.304479888153075,
   27.30447991511027,
   27.30447992324829,
   27.304479766337078,
   27.304479866536457,
   27.30447990697225,
   27.304479827372234
  ]
 },
 "11": {
  "params": {
   "hidden_nb": 3,
   "hidden_size": 60
  },
  "true_error": 0.968,