{
 "0": {
  "params": {
   "hidden_nb": 1,
   "hidden_size": 20
  },
  "true_error": 0.8991,
  "training_error": [
   27.304488471984865,
   27.304479987080892,
   27.30447988026937,
   27.304479556528726,
   27.304479404449463,
   27.30447942682902,
   27.304479487864178,
   27.304479512278238,
   27.304479496256512,
   27.304479521687824,
   27.304479485575357,
   27.304479504140218,
   27.30447945505778,
   27.304479451243083,
   27.304479444122315,
   27.3044795115153,
   27.30447946065267,
   27.304479525502522,
   27.30447946853638,
   27.30447945836385,
   27.304479467773437,
   27.304479492696128,
   27.304479418436685,
   27.30447941792806,
   27.3044795115153
  ]
 },
 "1": {
  "params": {
   "hidden_nb": 1,
   "hidden_size": 30
  },
  "true_error": 0.8731,
  "training_error": [
   27.304490892791748,
   27.304480180358887,
   27.30447992553711,
   27.304479968770345,
   27.304479863230387,
   27.3044797223409,
   27.30447963562012,
   27.30447962137858,
   27.30447960688273,
   27.304479617055257,
   27.304479584757487,
   27.304479587554933,
   27.304479582722983,
   27.30447959162394,
   27.304479543558756,
   27.304479620361327,
   27.30447961578369,
   27.304479526774088,
   27.304479501088462,
   27.304479609680175,
   27.304479536692302,
   27.30447953414917,
   27.30447956008911,
   27.304479613494873,
   27.30447959391276
  ]
 },
 "2": {
  "params": {
   "hidden_nb": 1,
   "hidden_size": 40
  },
  "true_error": 0.8782,
  "training_error": [
   27.30448467610677,
   27.30448002471924,
   27.304479978434244,
   27.30447979888916,
   27.304479610188803,
   27.304479529062906,
   27.30447950998942,
   27.304479472351073,
   27.304479518636068,
   27.304479533386232,
   27.304479511769614,
   27.30447949778239,
   27.30447945251465,
   27.304479484558104,
   27.304479461161296,
   27.30447943471273,
   27.30447946548462,
   27.30447943242391,
   27.304479416656495,
   27.304479462941487,
   27.304479504394532,
   27.304479453277587,
   27.304479448445637,
   27.304479470570882,
   27.30447947616577
  ]
 },
 "3": {
  "params": {
   "hidden_nb": 1,
   "hidden_size": 50
  },
  "true_error": 0.9016,
  "training_error": [
   27.30448835067749,
   27.30448009592692,
   27.304479975891113,
   27.304479976145426,
   27.304479915618895,
   27.3044798828125,
   27.304479911295573,
   27.304479875946043,
   27.30447978668213,
   27.304479824320474,
   27.304479800160728,
   27.304479868825275,
   27.304479780069986,
   27.30447979812622,
   27.304479806518554,
   27.304479833221436,
   27.304479749298096,
   27.304479754130046,
   27.304479781341552,
   27.304479864501953,
   27.304479808298748,
   27.30447979405721,
   27.30447987543742,
   27.304479792277018,
   27.30447973251343
  ]
 },
 "4": {
  "params": {
   "hidden_nb": 1,
   "hidden_size": 60
  },
  "true_error": 0.8734,
  "training_error": [
   27.30449179128011,
   27.304480202738443,
   27.30447997004191,
   27.304479991912842,
   27.304479927825927,
   27.304479994455974,
   27.304479939015707,
   27.30447992477417,
   27.304479922739663,
   27.30447995071411,
   27.304479926300047,
   27.30447992858887,
   27.304479893747967,
   27.30447993672689,
   27.304479928334555,
   27.304479954274495,
   27.304479890441893,
   27.30447991511027,
   27.304479926300047,
   27.30447989807129,
   27.304479849243165,
   27.304479895528157,
   27.30447991104126,
   27.30447986831665,
   27.30447990951538
  ]
 },
 "5": {
  "params": {
   "hidden_nb": 1,
   "hidden_size": 70
  },
  "true_error": 0.896,
  "training_error": [
   27.30448694559733,
   27.304480105336506,
   27.30447999165853,
   27.304479954783123,
   27.304479933929443,
   27.304479976145426,
   27.304479925282795,
   27.304479944610595,
   27.30447993443807,
   27.304479940795897,
   27.304479950205486,
   27.304479943593343,
   27.304479940795897,
   27.304480007680258,
   27.304479969533286,
   27.304479926045737,
   27.304479943593343,
   27.304479927571613,
   27.304479956309002,
   27.30447996266683,
   27.304479932657877,
   27.304479914855957,
   27.304479935709637,
   27.304479950459797,
   27.30447994918823
  ]
 },
 "6": {
  "params": {
   "hidden_nb": 1,
   "hidden_size": 80
  },
  "true_error": 0.8919,
  "training_error": [
   27.3044883740743,
   27.30448012110392,
   27.304479988861083,
   27.304479937235513,
   27.304479930877687,
   27.3044799214681,
   27.304479985046388,
   27.30447993672689,
   27.304479890187583,
   27.304479902648925,
   27.3044799118042,
   27.304479989624024,
   27.30447995605469,
   27.30447989273071,
   27.304479945627847,
   27.30447986755371,
   27.304479879252117,
   27.30447987798055,
   27.30447993138631,
   27.304479891204835,
   27.304479930877687,
   27.304479873657225,
   27.3044798672994,
   27.30447989171346,
   27.30447990468343
  ]
 },
 "7": {
  "params": {
   "hidden_nb": 3,
   "hidden_size": 20
  },
  "true_error": 0.9007,
  "training_error": [
   27.30448520304362,
   27.30447995554606,
   27.304479987589517,
   27.30447997868856,
   27.304479956817627,
   27.304479951477052,
   27.304479925282795,
   27.304479936472575,
   27.304479861450194,
   27.30447985076904,
   27.304479804992674,
   27.304479802449546,
   27.304479772440594,
   27.304479791259766,
   27.304479761505128,
   27.304479773203532,
   27.304479759724934,
   27.304479747772216,
   27.304479772694904,
   27.304479722595214,
   27.304479706319174,
   27.30447970199585,
   27.30447969868978,
   27.304479725901285,
   27.3044797223409
  ]
 },
 "8": {
  "params": {
   "hidden_nb": 3,
   "hidden_size": 30
  },
  "true_error": 0.891,
  "training_error": [
   27.304485443115233,
   27.30447999089559,
   27.304479989624024,
   27.30447991689046,
   27.304479988606772,
   27.304480003611246,
   27.30447994003296,
   27.304479939015707,
   27.304479942321777,
   27.304479932657877,
   27.304479883321125,
   27.304479845174153,
   27.304479840596517,
   27.30447982635498,
   27.304479870351155,
   27.30447986424764,
   27.3044798383077,
   27.30447975769043,
   27.304479774983722,
   27.304479765319826,
   27.304479797871906,
   27.304479759724934,
   27.304479690297445,
   27.304479804992674,
   27.304479713694256
  ]
 },
 "9": {
  "params": {
   "hidden_nb": 3,
   "hidden_size": 40
  },
  "true_error": 0.8989,
  "training_error": [
   27.30448173904419,
   27.304480006917316,
   27.304479969278972,
   27.30447997233073,
   27.30447991689046,
   27.304479960123697,
   27.304479878997803,
   27.304479880523683,
   27.304479911549887,
   27.304479933166505,
   27.304479926045737,
   27.30447989654541,
   27.304479911549887,
   27.304479901631673,
   27.304479833984374,
   27.30447983627319,
   27.30447985229492,
   27.304479807281496,
   27.30447980600993,
   27.304479802449546,
   27.304479800160728,
   27.30447981185913,
   27.304479792785646,
   27.304479776763916,
   27.304479736073812
  ]
 },
 "10": {
  "params": {
   "hidden_nb": 3,
   "hidden_size": 50
  },
  "true_error": 0.8989,
  "training_error": [
   27.30448127034505,
   27.3044800142924,
   27.304479952494304,
   27.30447997004191,
   27.30447997716268,
   27.304479948425293,
   27.304479937235513,
   27.30447993342082,
   27.304479939015707,
   27.304479957580565,
   27.304479942321777,
   27.304479963938395,
   27.30447991205851,
   27.30447991994222,
   27.30447985458374,
   27.30447990544637,
   27.304479887390137,
   27.304479906717937,
   27.304479887390137,
   27.304479866536457,
   27.30447989654541,
   27.304479876708985,
   27.304479884847005,
   27.304479877726237,
   27.30447982559204
  ]
 },
 "11": {
  "params": {
   "hidden_nb": 3,
   "hidden_size": 60
  },
  "true_error": 0.9028,